{
  "onnx_path": "/home/ian/work/ml-models/notebooks/rfdetr_bbox_dg-otc-detection_7/checkpoint_best_total_dynamic.onnx",
  "trt_onnx_path": "/home/ian/work/ml-models/notebooks/rfdetr_bbox_dg-otc-detection_7/trt_bench_cache/model_trt_sanitized.onnx",
  "batch_sizes": [
    1,
    8,
    32
  ],
  "opt_batch": 32,
  "iters": 100,
  "warmup": 20,
  "backends": {
    "ort-cuda": {
      "batches": {
        "1": {
          "mean_ms": 4.154503180006941,
          "p50_ms": 4.14465549988563,
          "p90_ms": 4.16702400025315,
          "p99_ms": 4.358481009812749,
          "imgs_per_s": 240.70266808613425
        },
        "8": {
          "mean_ms": 17.192897989971243,
          "p50_ms": 17.166941499908717,
          "p90_ms": 17.321547499795997,
          "p99_ms": 17.49373747999016,
          "imgs_per_s": 465.30840842925176
        },
        "32": {
          "mean_ms": 69.91199414002494,
          "p50_ms": 69.87378550002177,
          "p90_ms": 70.03427400009059,
          "p99_ms": 70.51293865022217,
          "imgs_per_s": 457.7183127677351
        }
      },
      "session_create_s": 0.49,
      "first_run_s": 0.16
    },
    "ort-cuda-sanitized": {
      "batches": {
        "1": {
          "mean_ms": 4.392654060015957,
          "p50_ms": 4.372987999886391,
          "p90_ms": 4.411042499805262,
          "p99_ms": 4.7158477899802165,
          "imgs_per_s": 227.65280086644643
        },
        "8": {
          "mean_ms": 17.452545420005663,
          "p50_ms": 17.37415150000743,
          "p90_ms": 17.73188150000351,
          "p99_ms": 18.03179198042926,
          "imgs_per_s": 458.3858576199256
        },
        "32": {
          "mean_ms": 70.15329293997638,
          "p50_ms": 70.08522749970325,
          "p90_ms": 70.54986770008327,
          "p99_ms": 71.01852798967684,
          "imgs_per_s": 456.14394790247997
        }
      },
      "session_create_s": 0.3,
      "first_run_s": 0.01,
      "detection_agreement_vs_ort_cuda": {
        "top_k": 20,
        "iou_thr": 0.5,
        "ref_detections": 20,
        "matched": 20,
        "mean_matched_iou": 1.0,
        "max_score_diff": 0.0
      }
    },
    "ort-trt-fp32": {
      "batches": {
        "1": {
          "mean_ms": 3.422752549981851,
          "p50_ms": 3.4175279999999475,
          "p90_ms": 3.4379340001123637,
          "p99_ms": 3.44749109998702,
          "imgs_per_s": 292.1625169792956
        },
        "8": {
          "mean_ms": 13.015290889966309,
          "p50_ms": 13.017997499900957,
          "p90_ms": 13.053792999698999,
          "p99_ms": 13.087952960140683,
          "imgs_per_s": 614.6616366574891
        },
        "32": {
          "mean_ms": 53.95908737002628,
          "p50_ms": 53.94491950005431,
          "p90_ms": 54.13731820030989,
          "p99_ms": 54.335422530439246,
          "imgs_per_s": 593.0419056304438
        }
      },
      "session_create_s": 0.7,
      "first_run_s": 0.01,
      "detection_agreement_vs_ort_cuda": {
        "top_k": 20,
        "iou_thr": 0.5,
        "ref_detections": 20,
        "matched": 13,
        "mean_matched_iou": 0.7643,
        "max_score_diff": 0.0251
      }
    },
    "trt-fp32": {
      "batches": {
        "1": {
          "mean_ms": 3.4189567200019155,
          "p50_ms": 3.4179979998043564,
          "p90_ms": 3.4344929998951557,
          "p99_ms": 3.442210750049526,
          "imgs_per_s": 292.4868847124335
        },
        "8": {
          "mean_ms": 13.076936179977565,
          "p50_ms": 13.068742000086786,
          "p90_ms": 13.122785400082648,
          "p99_ms": 13.20845203999852,
          "imgs_per_s": 611.7640928957815
        },
        "32": {
          "mean_ms": 54.210183459999826,
          "p50_ms": 54.16196999999556,
          "p90_ms": 54.52322879982603,
          "p99_ms": 54.91516900978695,
          "imgs_per_s": 590.2949954709507
        }
      },
      "first_run_s": 0.01,
      "detection_agreement_vs_ort_cuda": {
        "top_k": 20,
        "iou_thr": 0.5,
        "ref_detections": 20,
        "matched": 13,
        "mean_matched_iou": 0.761,
        "max_score_diff": 0.0257
      }
    },
    "ort-trt-fp16": {
      "batches": {
        "1": {
          "mean_ms": 2.2052851100124826,
          "p50_ms": 2.205324499982453,
          "p90_ms": 2.213140999992902,
          "p99_ms": 2.2289287901594435,
          "imgs_per_s": 453.4561066320988
        },
        "8": {
          "mean_ms": 4.080205099976411,
          "p50_ms": 4.064817999960724,
          "p90_ms": 4.124812099780684,
          "p99_ms": 4.235644069808586,
          "imgs_per_s": 1960.6857508330281
        },
        "32": {
          "mean_ms": 14.310245409988056,
          "p50_ms": 14.170067500117511,
          "p90_ms": 14.761414899885494,
          "p99_ms": 14.90113611029301,
          "imgs_per_s": 2236.160113485203
        }
      },
      "session_create_s": 33.52,
      "first_run_s": 0.01,
      "detection_agreement_vs_ort_cuda": {
        "top_k": 20,
        "iou_thr": 0.5,
        "ref_detections": 20,
        "matched": 14,
        "mean_matched_iou": 0.7263,
        "max_score_diff": 0.0235
      }
    },
    "trt-fp16": {
      "batches": {
        "1": {
          "mean_ms": 2.114596829992479,
          "p50_ms": 2.11110500003997,
          "p90_ms": 2.1246491001875256,
          "p99_ms": 2.172827429858444,
          "imgs_per_s": 472.9033855609992
        },
        "8": {
          "mean_ms": 4.001476569983424,
          "p50_ms": 3.977229499923851,
          "p90_ms": 4.078623599798448,
          "p99_ms": 4.1650792599693895,
          "imgs_per_s": 1999.2619874400862
        },
        "32": {
          "mean_ms": 14.230420110011437,
          "p50_ms": 14.127989000144225,
          "p90_ms": 14.647713199883583,
          "p99_ms": 14.921453740066681,
          "imgs_per_s": 2248.703815672121
        }
      },
      "engine_build_s": 34.67,
      "first_run_s": 0.01,
      "detection_agreement_vs_ort_cuda": {
        "top_k": 20,
        "iou_thr": 0.5,
        "ref_detections": 20,
        "matched": 11,
        "mean_matched_iou": 0.7076,
        "max_score_diff": 0.0307
      }
    }
  }
}