{
  "onnx_path": "/home/ian/.cache/orient-express/dg-otc-feature-extraction-small-4/model.onnx",
  "trt_onnx_path": "/home/ian/.cache/orient-express/dg-otc-feature-extraction-small-4/trt_bench_cache/model_trt_sanitized.onnx",
  "batch_sizes": [
    1,
    8,
    32
  ],
  "opt_batch": 32,
  "iters": 100,
  "warmup": 20,
  "backends": {
    "ort-cuda": {
      "batches": {
        "1": {
          "mean_ms": 1.907090829995468,
          "p50_ms": 1.899119499967128,
          "p90_ms": 1.9222606000084852,
          "p99_ms": 2.1090407600024728,
          "imgs_per_s": 524.3588738782705
        },
        "8": {
          "mean_ms": 3.5971040799995535,
          "p50_ms": 3.5883624999542008,
          "p90_ms": 3.628127000047243,
          "p99_ms": 3.782111409996105,
          "imgs_per_s": 2224.0112663075884
        },
        "32": {
          "mean_ms": 9.200678700000253,
          "p50_ms": 9.168616000010843,
          "p90_ms": 9.31860089995098,
          "p99_ms": 9.589240230058067,
          "imgs_per_s": 3478.0042911398614
        }
      },
      "session_create_s": 0.28,
      "first_run_s": 0.36
    },
    "ort-cuda-sanitized": {
      "batches": {
        "1": {
          "mean_ms": 1.5743827199935367,
          "p50_ms": 1.5732600000433195,
          "p90_ms": 1.5836581000144179,
          "p99_ms": 1.5915841299306521,
          "imgs_per_s": 635.1695730019859
        },
        "8": {
          "mean_ms": 3.2529869900020003,
          "p50_ms": 3.2547789999739507,
          "p90_ms": 3.2629419000159032,
          "p99_ms": 3.2727570500117054,
          "imgs_per_s": 2459.2782032599157
        },
        "32": {
          "mean_ms": 8.880036839999548,
          "p50_ms": 8.868840499985708,
          "p90_ms": 8.925443400005406,
          "p99_ms": 9.041183160003357,
          "imgs_per_s": 3603.588653580589
        }
      },
      "session_create_s": 0.07,
      "first_run_s": 0.02,
      "cosine_vs_ort_cuda": 1.0,
      "max_abs_diff_vs_ort_cuda": 0.0
    },
    "ort-trt-fp32": {
      "batches": {
        "1": {
          "mean_ms": 1.6868918200043481,
          "p50_ms": 1.6872850000595463,
          "p90_ms": 1.6912701000705965,
          "p99_ms": 1.694926689925751,
          "imgs_per_s": 592.8062417170429
        },
        "8": {
          "mean_ms": 2.5573836800106164,
          "p50_ms": 2.5573250000547887,
          "p90_ms": 2.562692100048025,
          "p99_ms": 2.569006760022603,
          "imgs_per_s": 3128.1970173387476
        },
        "32": {
          "mean_ms": 6.3582208899947545,
          "p50_ms": 6.35759749997078,
          "p90_ms": 6.3702370000555675,
          "p99_ms": 6.3756248600248,
          "imgs_per_s": 5032.854402770899
        }
      },
      "session_create_s": 15.74,
      "first_run_s": 0.0,
      "cosine_vs_ort_cuda": 1.0,
      "max_abs_diff_vs_ort_cuda": 8.155032992362976e-05
    },
    "trt-fp32": {
      "batches": {
        "1": {
          "mean_ms": 1.6000174699934178,
          "p50_ms": 1.5981069999497777,
          "p90_ms": 1.608734099988851,
          "p99_ms": 1.614864850083677,
          "imgs_per_s": 624.9931758583323
        },
        "8": {
          "mean_ms": 2.5408905899985257,
          "p50_ms": 2.5411290000079134,
          "p90_ms": 2.5473630999385932,
          "p99_ms": 2.5591024299387755,
          "imgs_per_s": 3148.5023524781686
        },
        "32": {
          "mean_ms": 6.422132720000491,
          "p50_ms": 6.356294499994419,
          "p90_ms": 6.575816599945483,
          "p99_ms": 6.7031353399693225,
          "imgs_per_s": 4982.768403452982
        }
      },
      "engine_build_s": 15.91,
      "first_run_s": 0.0,
      "cosine_vs_ort_cuda": 1.0,
      "max_abs_diff_vs_ort_cuda": 0.00012539327144622803
    },
    "ort-trt-fp16": {
      "batches": {
        "1": {
          "mean_ms": 1.3046392499995818,
          "p50_ms": 1.3038370000231225,
          "p90_ms": 1.3082450000069912,
          "p99_ms": 1.3143737999291716,
          "imgs_per_s": 766.4954124293904
        },
        "8": {
          "mean_ms": 1.8941294199987624,
          "p50_ms": 1.8944750000287058,
          "p90_ms": 1.900512199995319,
          "p99_ms": 1.9101505700007237,
          "imgs_per_s": 4223.576232718685
        },
        "32": {
          "mean_ms": 4.014717729995709,
          "p50_ms": 4.008268500001577,
          "p90_ms": 4.033949300003314,
          "p99_ms": 4.093037470050832,
          "imgs_per_s": 7970.672448753751
        }
      },
      "session_create_s": 32.54,
      "first_run_s": 0.0,
      "cosine_vs_ort_cuda": 0.999992,
      "max_abs_diff_vs_ort_cuda": 0.0005453974008560181
    },
    "trt-fp16": {
      "batches": {
        "1": {
          "mean_ms": 1.2920539399965492,
          "p50_ms": 1.2921904999529943,
          "p90_ms": 1.2941769999542885,
          "p99_ms": 1.2962119299163533,
          "imgs_per_s": 773.9614957581963
        },
        "8": {
          "mean_ms": 1.8788667200078635,
          "p50_ms": 1.878044500017495,
          "p90_ms": 1.8847901000981437,
          "p99_ms": 1.897179439924912,
          "imgs_per_s": 4257.885838739279
        },
        "32": {
          "mean_ms": 4.012282840014905,
          "p50_ms": 4.011874999946485,
          "p90_ms": 4.027742999915063,
          "p99_ms": 4.039336240152807,
          "imgs_per_s": 7975.509523122534
        }
      },
      "engine_build_s": 27.73,
      "first_run_s": 0.0,
      "cosine_vs_ort_cuda": 0.999988,
      "max_abs_diff_vs_ort_cuda": 0.0006375126540660858
    }
  }
}